0.07,3.963623888,498.0028205,0.237647249,0,500,0,0,0,3.327428155,-1.2271279,3.327428155,-1.2271279,3.327428155,-1.2271279
0.13,7.291052043,496.7756926,0.173863622,0,0,0.237647249,0,0,3.327428155,-1.2271279,3.327428155,-1.2271279,3.327428155,-1.2271279
0.2,10.36307526,495.5448569,0.300506351,0,0,0.173863622,0.237647249,0,6.399451372,-2.4579636,6.399451372,-2.4579636,3.072023217,-1.2308357
0.27,12.92319241,494.2909304,0.339823625,0,0,0.300506351,0.173863622,0.237647249,8.959568522,-3.7118901,5.632140367,-2.4847622,2.56011715,-1.2539265
0.33,14.74521022,492.9702158,0.367584644,0,0,0.339823625,0.300506351,0.173863622,7.454158177,-3.8054768,4.38213496,-2.5746411,1.82201781,-1.3207146
0.4,15.69149797,491.5336292,0.396102404,0,0,0.367584644,0.339823625,0.300506351,5.32842271,-4.0112277,2.76830556,-2.7573012,0.94628775,-1.4365866
0.46,15.75559556,489.953107,0.558074074,0,0,0.396102404,0.367584644,0.339823625,2.83240315,-4.3378234,1.01038534,-3.0171088,0.06409759,-1.5805222
0.53,15.05443874,488.2348002,0.375988959,0,0,0.558074074,0.396102404,0.367584644,0.30922852,-4.7354156,-0.63705923,-3.298829,-0.70115682,-1.7183068
0.6,13.77981355,486.4141896,0.330485834,0,0,0.375988959,0.558074074,0.396102404,-1.91168442,-5.1194396,-1.97578201,-3.5389174,-1.27462519,-1.8206106
0.66,12.14925004,484.5426456,0.334830407,0,0,0.330485834,0.375988959,0.558074074,-3.60634552,-5.4104614,-2.9051887,-3.6921546,-1.63056351,-1.871544
0.73,10.38079124,482.6778837,0.63072554,0,0,0.334830407,0.330485834,0.375988959,-4.6736475,-5.5569165,-3.39902231,-3.7363059,-1.7684588,-1.8647619
0.8,8.680519489,480.8828307,0.947665239,0,0,0.63072554,0.334830407,0.330485834,-5.099294061,-5.5313589,-3.468730551,-3.6598149,-1.700271751,-1.795053
0.86,7.22747876,479.2222735,1.160540496,0,0,0.947665239,0.63072554,0.334830407,-4.92177128,-5.3203721,-3.15331248,-3.4556102,-1.453040729,-1.6605572
0.93,6.155438693,477.747436,1.279374706,0,0,1.160540496,0.947665239,0.63072554,-4.225352547,-4.9304477,-2.525080796,-3.1353947,-1.072040067,-1.4748375
0.99,5.52980161,476.4767789,1.327090798,0,0,1.279374706,1.160540496,0.947665239,-3.150717879,-4.4060518,-1.69767715,-2.7454946,-0.625637083,-1.2706571
1.06,5.325718488,475.3823926,1.390546222,0,0,1.327090798,1.279374706,1.160540496,-1.901760272,-3.8398809,-0.829720205,-2.3650434,-0.204083122,-1.0943863
1.13,5.430110631,474.3800179,0.600750781,0,0,1.390546222,1.327090798,1.279374706,-0.725328062,-3.3674181,-0.099690979,-2.096761,0.104392143,-1.0023747
1.19,5.673240784,473.3300212,0.648853159,0,0,0.600750781,1.390546222,1.327090798,0.143439174,-3.1467577,0.347522296,-2.0523714,0.243130153,-1.0499967
1.26,5.872032917,472.0633745,0.727296296,0,0,0.648853159,0.600750781,1.390546222,0.546314429,-3.3190181,0.441922286,-2.3166434,0.198792133,-1.2666467
1.33,5.879313463,470.4284663,1.216741335,0,0,0.727296296,0.648853159,0.600750781,0.449202832,-3.9515516,0.206072679,-2.9015549,0.007280546,-1.6349082
1.39,5.642936495,468.3472561,1.202741687,0,0,1.216741335,0.727296296,0.648853159,-0.030304289,-4.9827651,-0.229096422,-3.7161184,-0.236376968,-2.0812102
1.46,5.246952769,465.8634911,1.196013027,0,0,1.202741687,1.216741335,0.727296296,-0.625080148,-6.1998834,-0.632360694,-4.5649752,-0.395983726,-2.483765
1.52,4.876457968,463.136097,1.185168824,0,0,1.196013027,1.202741687,1.216741335,-1.002855495,-7.2923693,-0.766478527,-5.2111591,-0.370494801,-2.7273941
1.59,4.694910279,460.3516176,1.185718606,0,0,1.185168824,1.196013027,1.202741687,-0.948026216,-7.9956385,-0.55204249,-5.5118735,-0.181547689,-2.7844794
1.66,4.723531733,457.6223999,1.74548309,0,0,1.185718606,1.185168824,1.196013027,-0.523421036,-8.2410912,-0.152926235,-5.5136971,0.028621454,-2.7292177
1.72,4.837874637,454.9732281,1.866826494,0,0,1.74548309,1.185718606,1.185168824,-0.038583331,-8.1628689,0.142964358,-5.3783895,0.114342904,-2.6491718
1.79,4.892577871,452.4246826,2.024086045,0,0,1.866826494,1.74548309,1.185718606,0.197667592,-7.926935,0.169046138,-5.1977173,0.054703234,-2.5485455
1.86,4.855747589,450.0607426,2.094422345,0,0,2.024086045,1.866826494,1.74548309,0.132215856,-7.5616573,0.017872952,-4.9124855,-0.036830282,-2.36394
1.92,4.823320516,447.9819729,2.1392194,0,0,2.094422345,2.024086045,1.866826494,-0.014554121,-6.9912552,-0.069257355,-4.4427097,-0.032427073,-2.0787697
1.99,4.90533125,446.1918435,0.789407407,0,0,2.1392194,2.094422345,2.024086045,0.012753379,-6.2328391,0.049583661,-3.8688991,0.082010734,-1.7901294
2.05,5.095861513,444.5542161,1.982281983,0,0,0.789407407,2.1392194,2.094422345,0.240113924,-5.5065265,0.272540997,-3.4277568,0.190530263,-1.6376274
2.12,5.24759421,442.891051,1.77941779,0,0,1.982281983,0.789407407,2.1392194,0.424273694,-5.0909219,0.34226296,-3.3007925,0.151732697,-1.6631651
2.19,5.174132084,441.1438405,1.357577429,0,0,1.77941779,1.982281983,0.789407407,0.268800834,-5.048003,0.078270571,-3.4103756,-0.073462126,-1.7472105
2.25,4.782714909,439.438063,0.991164429,0,0,1.357577429,1.77941779,1.982281983,-0.313146604,-5.1161531,-0.464879301,-3.452988,-0.391417175,-1.7057775
2.32,4.119949089,437.9688089,1.163719132,0,0,0.991164429,1.357577429,1.77941779,-1.127645121,-4.9222421,-1.054182995,-3.1750316,-0.66276582,-1.4692541
2.39,3.309809537,436.8051548,1.129245545,0,0,1.163719132,0.991164429,1.357577429,-1.864322547,-4.3386857,-1.472905372,-2.6329082,-0.810139552,-1.1636541
2.45,2.457474785,435.7898161,1.093326093,0,0,1.129245545,1.163719132,0.991164429,-2.325240124,-3.6482469,-1.662474304,-2.1789928,-0.852334752,-1.0153387
2.52,1.601906989,434.6142795,1.399656148,0,0,1.093326093,1.129245545,1.163719132,-2.5180421,-3.3545294,-1.707902548,-2.1908753,-0.855567796,-1.1755366
2.58,0.734412561,432.9926963,1.760017991,0,0,1.399656148,1.093326093,1.129245545,-2.575396976,-3.8124585,-1.723062224,-2.7971198,-0.867494428,-1.6215832
2.65,-0.163298736,430.7935206,2.051102428,0,0,1.760017991,1.399656148,1.093326093,-2.620773521,-4.9962955,-1.765205725,-3.8207589,-0.897711297,-2.1991757
2.72,-1.098920674,428.0648331,1.150555556,0,0,2.051102428,1.760017991,1.399656148,-2.700827663,-6.5494464,-1.833333235,-4.9278632,-0.935621938,-2.7286875
2.78,-2.060337964,424.9948287,2.410727494,0,0,1.150555556,2.051102428,1.760017991,-2.794750525,-7.9978676,-1.897039228,-5.7986919,-0.96141729,-3.0700044
2.85,-2.994672082,421.8664737,2.574868361,0,0,2.410727494,1.150555556,2.051102428,-2.831373346,-8.9270469,-1.895751408,-6.1983594,-0.934334118,-3.128355
2.92,-3.780352899,419.0085137,2.704068268,0,0,2.574868361,2.410727494,1.150555556,-2.681432225,-9.0563194,-1.720014935,-5.986315,-0.785680817,-2.85796
2.98,-4.249537487,416.7010302,2.796580202,0,0,2.704068268,2.574868361,2.410727494,-2.189199523,-8.2937985,-1.254865405,-5.1654435,-0.469184588,-2.3074835
3.05,-4.303558439,415.0419429,2.631752997,0,0,2.796580202,2.704068268,2.574868361,-1.308886357,-6.8245308,-0.52320554,-3.9665708,-0.054020952,-1.6590873
3.11,-4.052617704,413.8721584,2.572942123,0,0,2.631752997,2.796580202,2.704068268,-0.272264805,-5.1363553,0.196919783,-2.8288718,0.250940735,-1.1697845
3.18,-3.848923652,412.8443301,1.444169214,0,0,2.572942123,2.631752997,2.796580202,0.400613835,-3.8567001,0.454634787,-2.1976128,0.203694052,-1.0278283
3.25,-4.155716855,411.6010735,1.023296296,0,0,1.444169214,2.572942123,2.631752997,0.147841584,-3.4408694,-0.103099151,-2.2710849,-0.306793203,-1.2432566
3.31,-5.316122752,409.9478943,1.277414686,0,0,1.023296296,1.444169214,2.572942123,-1.263505048,-3.9242641,-1.4671991,-2.8964358,-1.160405897,-1.6531792
3.38,-7.36134343,407.9255703,1.526150425,0,0,1.277414686,1.023296296,1.444169214,-3.512419778,-4.9187598,-3.205626575,-3.6755032,-2.045220678,-2.022324
3.45,-9.984009,405.7501379,1.139888889,0,0,1.526150425,1.277414686,1.023296296,-5.828292145,-5.8509356,-4.667886248,-4.1977564,-2.62266557,-2.1754324
3.51,-12.69488242,403.6634036,1.409912552,0,0,1.139888889,1.526150425,1.277414686,-7.378759668,-6.2844907,-5.33353899,-4.2621667,-2.71087342,-2.0867343
3.58,-15.05573877,401.7990031,1.729592505,0,0,1.409912552,1.139888889,1.526150425,-7.69439534,-6.1265672,-5.07172977,-3.9511348,-2.36085635,-1.8644005
3.64,-16.8472424,400.1438448,1.302777779,0,0,1.729592505,1.409912552,1.139888889,-6.8632334,-5.6062931,-4.15235998,-3.5195588,-1.79150363,-1.6551583
3.71,-18.10523268,398.5777402,2.060010787,0,0,1.302777779,1.729592505,1.409912552,-5.41035026,-5.0856634,-3.04949391,-3.2212629,-1.25799028,-1.5661046
3.78,-19.05016023,396.9317599,2.254530997,0,0,2.060010787,1.302777779,1.729592505,-3.99442146,-4.8672432,-2.20291783,-3.2120849,-0.94492755,-1.6459803
3.84,-19.95977628,395.0511784,2.338990664,0,0,2.254530997,2.060010787,1.302777779,-3.11253388,-5.0926664,-1.8545436,-3.5265618,-0.90961605,-1.8805815
3.91,-21.02697306,392.8776355,2.382613833,0,0,2.338990664,2.254530997,2.060010787,-2.92174038,-5.7001047,-1.97681283,-4.0541244,-1.06719678,-2.1735429
3.98,-22.26533219,390.5177829,2.311591364,0,0,2.382613833,2.338990664,2.254530997,-3.21517196,-6.413977,-2.30555591,-4.5333955,-1.23835913,-2.3598526
4.04,-23.52404154,388.2285165,1.967452786,0,0,2.311591364,2.382613833,2.338990664,-3.56426526,-6.8226619,-2.49706848,-4.649119,-1.25870935,-2.2892664
4.11,-24.60291122,386.3032856,1.426961749,0,0,1.967452786,2.311591364,2.382613833,-3.57593816,-6.5743499,-2.33757903,-4.2144973,-1.07886968,-1.9252309
4.17,-25.39255936,384.9289091,1.073656715,0,0,1.426961749,1.967452786,2.311591364,-3.12722717,-5.5888738,-1.86851782,-3.2996074,-0.78964814,-1.3743765
4.24,-25.96158059,384.1022597,1.137851852,0,0,1.073656715,1.426961749,1.967452786,-2.43753905,-4.1262568,-1.35866937,-2.2010259,-0.56902123,-0.8266494
4.31,-26.54574629,383.644223,1.099323179,0,0,1.137851852,1.073656715,1.426961749,-1.94283507,-2.6590626,-1.15318693,-1.2846861,-0.5841657,-0.4580367
4.37,-27.43888371,383.2850816,1.048135533,0,0,1.099323179,1.137851852,1.073656715,-2.04632435,-1.6438275,-1.47730312,-0.8171781,-0.89313742,-0.3591414
4.44,-28.83070086,382.7724593,1.201111111,0,0,1.048135533,1.099323179,1.137851852,-2.86912027,-1.3298004,-2.28495457,-0.8717637,-1.39181715,-0.5126223
4.51,-30.6817309,381.9559236,1.25848908,0,0,1.201111111,1.048135533,1.099323179,-4.13598461,-1.6882994,-3.24284719,-1.329158,-1.85103004,-0.8165357
4.57,-32.74114588,380.8033791,1.434612709,0,0,1.25848908,1.201111111,1.048135533,-5.30226217,-2.4817025,-3.91044502,-1.9690802,-2.05941498,-1.1525445
4.64,-34.72204268,379.3435614,1.371856992,0,0,1.434612709,1.25848908,1.201111111,-5.89134182,-3.4288979,-4.04031178,-2.6123622,-1.9808968,-1.4598177
4.7,-36.48403338,377.6082724,2.027569279,0,0,1.371856992,1.434612709,1.25848908,-5.80230248,-4.3476512,-3.7428875,-3.1951067,-1.7619907,-1.735289
4.77,-38.0490489,375.6473062,2.280614552,0,0,2.027569279,1.371856992,1.434612709,-5.30790302,-5.1560729,-3.32700622,-3.6962552,-1.56501552,-1.9609662
4.84,-39.46829603,373.5810518,2.429635861,0,0,2.280614552,2.027569279,1.371856992,-4.74625335,-5.7625096,-2.98426265,-4.0272206,-1.41924713,-2.0662544
4.9,-40.70791566,371.6035504,2.559307674,0,0,2.429635861,2.280614552,2.027569279,-4.22388228,-6.004722,-2.65886676,-4.0437558,-1.23961963,-1.9775014
4.97,-41.64905605,369.9198848,2.6950471,0,0,2.559307674,2.429635861,2.280614552,-3.60000715,-5.7274214,-2.18076002,-3.661167,-0.94114039,-1.6836656
5.04,-42.17079771,368.6712941,1.155241179,0,0,2.6950471,2.559307674,2.429635861,-2.70250168,-4.9097577,-1.46288205,-2.9322563,-0.52174166,-1.2485907
5.1,-42.24951793,367.8979451,3.061622944,0,0,1.155241179,2.6950471,2.559307674,-1.54160227,-3.7056053,-0.60046188,-2.0219397,-0.07872022,-0.773349
5.17,-42.02712622,367.5482872,2.20467343,0,0,3.061622944,1.155241179,2.6950471,-0.37807017,-2.3715976,0.14367149,-1.1230069,0.22239171,-0.3496579
5.23,-41.82587756,367.5056955,2.033793248,0,0,2.20467343,3.061622944,1.155241179,0.34492015,-1.1655986,0.42364037,-0.3922496,0.20124866,-0.0425917
5.3,-42.08859081,367.6092517,1.885551302,0,0,2.033793248,2.20467343,3.061622944,0.16092712,-0.2886934,-0.06146459,0.0609645,-0.26271325,0.1035562
5.37,-43.22956733,367.6807668,1.784001169,0,0,1.885551302,2.033793248,2.20467343,-1.20244111,0.1324796,-1.40368977,0.1750713,-1.14097652,0.0715151
5.43,-45.45698202,367.5673213,1.380108795,0,0,1.784001169,1.885551302,2.033793248,-3.63110446,0.0616258,-3.36839121,-0.0419304,-2.22741469,-0.1134455
5.5,-48.67461997,367.182342,2.029662177,0,0,1.380108795,1.784001169,1.885551302,-6.58602916,-0.4269097,-5.44505264,-0.4984248,-3.21763795,-0.3849793
5.57,-52.49575129,366.5295815,2.558054324,0,0,2.029662177,1.380108795,1.784001169,-9.26618396,-1.1511853,-7.03876927,-1.0377398,-3.82113132,-0.6527605
5.63,-56.34216946,365.702781,2.746791513,0,0,2.558054324,2.029662177,1.380108795,-10.88518744,-1.8645403,-7.66754949,-1.479561,-3.84641817,-0.8268005
5.7,-59.624334,364.8510477,2.696395669,0,0,2.746791513,2.558054324,2.029662177,-10.94971403,-2.3312943,-7.12858271,-1.6785338,-3.28216454,-0.8517333
5.76,-61.96605075,364.1126635,2.553732432,0,0,2.696395669,2.746791513,2.558054324,-9.47029946,-2.416918,-5.62388129,-1.5901175,-2.34171675,-0.7383842
5.83,-63.35655396,363.5449502,2.52989282,0,0,2.553732432,2.696395669,2.746791513,-7.0143845,-2.1578308,-3.73221996,-1.3060975,-1.39050321,-0.5677133
5.9,-64.13436252,363.0823314,2.637684879,0,0,2.52989282,2.553732432,2.696395669,-4.51002852,-1.7687163,-2.16831177,-1.0303321,-0.77780856,-0.4626188
5.96,-64.81016658,362.5414335,2.765963459,0,0,2.637684879,2.52989282,2.553732432,-2.84411583,-1.57123,-1.45361262,-1.0035167,-0.67580406,-0.5408979
6.03,-65.80781085,361.6845085,2.946845986,0,0,2.765963459,2.637684879,2.52989282,-2.45125689,-1.8604417,-1.67344833,-1.3978229,-0.99764427,-0.856925
6.1,-67.2437543,360.3333486,2.930984928,0,0,2.946845986,2.765963459,2.637684879,-3.10939178,-2.7489828,-2.43358772,-2.2080849,-1.43594345,-1.3511599
6.16,-68.87453361,358.475186,2.179942192,0,0,2.930984928,2.946845986,2.765963459,-4.06436703,-4.0662475,-3.06672276,-3.2093225,-1.63077931,-1.8581626
6.23,-70.25559307,356.2791431,1.249888889,0,0,2.179942192,2.930984928,2.946845986,-4.44778222,-5.4053654,-3.01183877,-4.0542055,-1.38105946,-2.1960429
6.29,-71.01266575,354.0080486,1.823127809,0,0,1.249888889,2.179942192,2.930984928,-3.76891145,-6.3253,-2.13813214,-4.4671374,-0.75707268,-2.2710945
6.36,-71.05169158,351.902355,1.302067838,0,0,1.823127809,1.249888889,2.179942192,-2.17715797,-6.572831,-0.79609851,-4.3767881,-0.03902583,-2.1056936
6.43,-70.5858642,350.1205958,1.585787098,0,0,1.302067838,1.823127809,1.249888889,-0.33027113,-6.1585473,0.42680155,-3.8874528,0.46582738,-1.7817592
6.49,-69.99896432,348.7510819,1.54223621,0,0,1.585787098,1.302067838,1.823127809,1.01370143,-5.2569667,1.05272726,-3.1512731,0.58689988,-1.3695139
6.56,-69.66524899,347.8547656,1.449116044,0,0,1.54223621,1.585787098,1.302067838,1.38644259,-4.0475894,0.92061521,-2.2658302,0.33371533,-0.8963163
6.63,-69.82420263,347.4965334,1.275599227,0,0,1.449116044,1.54223621,1.585787098,0.76166157,-2.6240624,0.17476169,-1.2545485,-0.15895364,-0.3582322
6.69,-70.53241486,347.7433125,1.088327234,0,0,1.275599227,1.449116044,1.54223621,-0.53345054,-1.0077694,-0.86716587,-0.1114531,-0.70821223,0.2467791
6.76,-71.67439582,348.6274928,0.870768914,0,0,1.088327234,1.275599227,1.449116044,-2.00914683,0.7727272,-1.85019319,1.1309594,-1.14198096,0.8841803
6.82,-73.0123246,350.0896194,0.65704581,0,0,0.870768914,1.088327234,1.275599227,-3.18812197,2.593086,-2.47990974,2.3463069,-1.33792878,1.4621266
6.89,-74.26575274,351.9317646,0.418966209,0,0,0.65704581,0.870768914,1.088327234,-3.73333788,4.1884521,-2.59135692,3.3042718,-1.25342814,1.8421452
6.96,-75.2113999,353.8289072,0.179381532,0,0,0.418966209,0.65704581,0.870768914,-3.53700408,5.2014144,-2.1990753,3.7392878,-0.94564716,1.8971426
7.02,-75.77048421,355.4291974,0.0090244,0,0,0.179381532,0.418966209,0.65704581,-2.75815961,5.339578,-1.50473147,3.4974328,-0.55908431,1.6002902
7.09,-76.03357848,356.5036424,-0.051878703,0,0,0.0090244,0.179381532,0.418966209,-1.76782574,4.5718778,-0.82217858,2.6747352,-0.26309427,1.074445
7.16,-76.19005159,357.0419266,1.300740741,0,0,-0.051878703,0.0090244,0.179381532,-0.97865169,3.2130194,-0.41956738,1.6127292,-0.15647311,0.5382842
7.22,-76.39423512,357.2290727,0.817839656,0,0,1.300740741,-0.051878703,0.0090244,-0.62375091,1.7998753,-0.36065664,0.7254303,-0.20418353,0.1871461
7.29,-76.6747196,357.3418078,1.359444444,0,0,0.817839656,1.300740741,-0.051878703,-0.64114112,0.8381654,-0.48466801,0.2998812,-0.28048448,0.1127351
7.35,-76.96728183,357.6448469,1.011910679,0,0,1.359444444,0.817839656,1.300740741,-0.77723024,0.6029203,-0.57304671,0.4157742,-0.29256223,0.3030391
7.42,-77.21705817,358.3271644,1.108530644,0,0,1.011910679,1.359444444,0.817839656,-0.82282305,1.0980917,-0.54233857,0.9853566,-0.24977634,0.6823175
7.49,-77.42520073,359.4713716,1.39337037,0,0,1.108530644,1.011910679,1.359444444,-0.75048113,2.1295638,-0.4579189,1.8265247,-0.20814256,1.1442072
7.55,-77.61015304,361.0327527,1.407106668,0,0,1.39337037,1.108530644,1.011910679,-0.64287121,3.3879058,-0.39309487,2.7055883,-0.18495231,1.5613811
7.62,-77.76551031,362.8213422,1.44737037,0,0,1.407106668,1.39337037,1.108530644,-0.54845214,4.4941778,-0.34030958,3.3499706,-0.15535727,1.7885895
7.69,-77.86476821,364.519873,1.652270264,0,0,1.44737037,1.407106668,1.39337037,-0.43956748,5.0485014,-0.25461517,3.4871203,-0.0992579,1.6985308
7.75,-77.87359728,365.7788572,1.828700878,0,0,1.652270264,1.44737037,1.407106668,-0.26344424,4.7461045,-0.10808697,2.957515,-0.00882907,1.2589842
7.82,-77.73997675,366.3621553,2.087487492,0,0,1.828700878,1.652270264,1.44737037,0.02553356,3.5408131,0.12479146,1.8422823,0.13362053,0.5832981
7.89,-77.39704238,366.2484067,2.086116665,0,0,2.087487492,1.828700878,1.652270264,0.46772583,1.7285337,0.4765549,0.4695495,0.34293437,-0.1137486
7.95,-76.80822018,365.632316,1.776629876,0,0,2.086116665,2.087487492,1.828700878,1.0653771,-0.1465412,0.93175657,-0.7298393,0.5888222,-0.6160907
8.02,-76.027292,364.8544446,1.373139414,0,0,1.776629876,2.086116665,2.087487492,1.71268475,-1.5077107,1.36975038,-1.3939621,0.78092818,-0.7778714
8.08,-75.22040076,364.2998271,1.057636144,0,0,1.373139414,1.776629876,2.086116665,2.17664162,-1.9485796,1.58781942,-1.3324889,0.80689124,-0.5546175
8.15,-74.6136651,364.2721261,1.235397568,0,0,1.057636144,1.373139414,1.776629876,2.19455508,-1.3601899,1.4136269,-0.5823185,0.60673566,-0.027701
8.22,-74.36801366,364.865931,1.149452663,0,0,1.235397568,1.057636144,1.373139414,1.65927834,0.0114864,0.8523871,0.5661039,0.24565144,0.5938049
8.28,-74.44569142,365.9179537,1.204607248,0,0,1.149452663,1.235397568,1.057636144,0.77470934,1.6181266,0.16797368,1.6458276,-0.07767776,1.0520227
8.35,-74.58423163,367.1091975,1.261645171,0,0,1.204607248,1.149452663,1.235397568,0.02943347,2.8370714,-0.21621797,2.2432665,-0.13854021,1.1912438
8.42,-74.43344311,368.1690817,1.319767873,0,0,1.261645171,1.204607248,1.149452663,-0.06542945,3.3031507,0.01224831,2.251128,0.15078852,1.0598842
8.48,-73.75765381,369.021856,1.395185185,0,0,1.319767873,1.261645171,1.204607248,0.68803761,3.1039023,0.82657782,1.9126585,0.6757893,0.8527743
8.55,-72.54356498,369.7586876,1.503292816,0,0,1.395185185,1.319767873,1.261645171,2.04066665,2.6494901,1.88987813,1.5896059,1.21408883,0.7368316
8.61,-70.95873764,370.4894475,1.405222222,0,0,1.503292816,1.395185185,1.319767873,3.47470547,2.3203658,2.79891617,1.4675915,1.58482734,0.7307599
8.68,-69.24036354,371.2416884,1.395444444,0,0,1.405222222,1.503292816,1.395185185,4.51729027,2.2198324,3.30320144,1.4830008,1.7183741,0.7522409
8.75,-67.61799756,371.9930687,1.637476086,0,0,1.395444444,1.405222222,1.503292816,4.92556742,2.2343811,3.34074008,1.5036212,1.62236598,0.7513803
8.81,-66.28913479,372.7623936,1.601631698,0,0,1.637476086,1.395444444,1.405222222,4.66960285,2.2729461,2.95122875,1.5207052,1.32886277,0.7693249
8.88,-65.39432448,373.6510842,1.89138949,0,0,1.601631698,1.637476086,1.395444444,3.84603906,2.4093958,2.22367308,1.6580155,0.89481031,0.8886906
8.95,-64.97338404,374.8061978,1.568135145,0,0,1.89138949,1.601631698,1.637476086,2.64461352,2.8131291,1.31575075,2.0438042,0.42094044,1.1551136
9.01,-64.95239613,376.33641,1.698865672,0,0,1.568135145,1.89138949,1.601631698,1.33673866,3.5740164,0.44192835,2.6853258,0.02098791,1.5302122
9.08,-65.19033647,378.2350602,1.763131785,0,0,1.698865672,1.568135145,1.89138949,0.20398801,4.583976,-0.21695243,3.4288624,-0.23794034,1.8986502
9.14,-65.55007457,380.3600012,1.714055743,0,0,1.763131785,1.698865672,1.568135145,-0.57669053,5.5538034,-0.59767844,4.0235912,-0.3597381,2.124941
9.21,-65.95338661,382.47658,1.569420165,0,0,1.714055743,1.763131785,1.698865672,-1.00099048,6.14017,-0.76305014,4.2415198,-0.40331204,2.1165788
9.28,-66.39324549,384.3368978,1.447239327,0,0,1.569420165,1.714055743,1.763131785,-1.20290902,6.1018376,-0.84317092,3.9768966,-0.43985888,1.8603178
9.34,-66.87442687,385.7761279,1.322900848,0,0,1.447239327,1.569420165,1.714055743,-1.3243523,5.4161267,-0.92104026,3.2995479,-0.48118138,1.4392301
9.41,-67.31984842,386.8055327,1.267929739,0,0,1.322900848,1.447239327,1.569420165,-1.36646181,4.3289527,-0.92660293,2.4686349,-0.44542155,1.0294048
9.48,-67.56192839,387.6577235,1.268109723,0,0,1.267929739,1.322900848,1.447239327,-1.1686829,3.3208257,-0.68750152,1.8815956,-0.24207997,0.8521908
9.54,-67.44840561,388.7325606,1.264460612,0,0,1.268109723,1.267929739,1.322900848,-0.57397874,2.9564327,-0.12855719,1.9270279,0.11352278,1.0748371
9.61,-66.93389748,390.4288447,1.238180701,0,0,1.264460612,1.268109723,1.267929739,0.38595094,3.623312,0.62803091,2.7711212,0.51450813,1.6962841
9.67,-66.07153152,392.9262578,1.18868618,0,0,1.238180701,1.264460612,1.268109723,1.49039687,5.2685343,1.37687409,4.1936972,0.86236596,2.4974131
9.74,-64.96644624,396.0463329,1.072708881,0,0,1.18868618,1.238180701,1.264460612,2.48195937,7.3137723,1.96745124,5.6174882,1.10508528,3.1200751
9.81,-63.7536737,399.2943769,1.024456454,0,0,1.072708881,1.18868618,1.238180701,3.18022378,8.8655322,2.31785782,6.3681191,1.21277254,3.248044
9.87,-62.58224957,402.0679395,1.020168886,0,0,1.024456454,1.072708881,1.18868618,3.48928195,9.1416817,2.38419667,6.0216066,1.17142413,2.7735626
9.94,-61.58736764,403.8992281,1.009044142,0,0,1.020168886,1.024456454,1.072708881,3.3790786,7.8528952,2.16630606,4.6048512,0.99488193,1.8312886
10.01,-60.86966621,404.5911213,0.926764148,0,0,1.009044142,1.020168886,1.024456454,2.88400749,5.2967444,1.71258336,2.5231818,0.71770143,0.6918932
10.07,-60.49020995,404.2287403,0.848712046,0,0,0.926764148,1.009044142,1.020168886,2.09203962,2.1608008,1.09715769,0.3295122,0.37945626,-0.362381
10.14,-60.46361214,403.1477223,1.42069769,0,0,0.848712046,0.926764148,1.009044142,1.1237555,-0.7515058,0.40605407,-1.443399,0.02659781,-1.081018
10.2,-60.74095127,401.8827413,0.993188574,0,0,1.42069769,0.848712046,0.926764148,0.12871494,-2.70838,-0.25074132,-2.345999,-0.27733913,-1.264981
10.27,-61.21218246,401.027125,0.995038743,0,0,0.993188574,1.42069769,0.848712046,-0.72197251,-3.2016153,-0.74857032,-2.1205973,-0.47123119,-0.8556163
10.34,-61.77396266,400.9962555,0.986844567,0,0,0.995038743,0.993188574,1.42069769,-1.31035052,-2.1514668,-1.03301139,-0.8864858,-0.5617802,-0.0308695
10.4,-62.43848196,401.84164,1.363481481,0,0,0.986844567,0.995038743,0.993188574,-1.69753069,-0.0411013,-1.2262995,0.814515,-0.6645193,0.8453845
10.47,-63.36491087,403.2805144,1.16286944,0,0,1.363481481,0.986844567,0.995038743,-2.15272841,2.2533894,-1.59094821,2.2842589,-0.92642891,1.4388744
10.54,-64.74621587,404.9172471,1.704523201,0,0,1.16286944,1.363481481,0.986844567,-2.97225321,3.9209916,-2.30773391,3.0756071,-1.381305,1.6367327
10.6,-66.64183136,406.4517818,1.985177251,0,0,1.704523201,1.16286944,1.363481481,-4.2033494,4.6101418,-3.27692049,3.1712674,-1.89561549,1.5345347
10.67,-68.89348608,407.7226765,2.144062823,0,0,1.985177251,1.704523201,1.16286944,-5.52857521,4.4421621,-4.14727021,2.8054294,-2.25165472,1.2708947
10.73,-71.16335022,408.6281692,2.127607546,0,0,2.144062823,1.985177251,1.704523201,-6.41713435,3.7109221,-4.52151886,2.1763874,-2.26986414,0.9054927
10.8,-73.04170276,409.0637063,1.725923621,0,0,2.127607546,2.144062823,1.985177251,-6.3998714,2.6119245,-4.14821668,1.3410298,-1.87835254,0.4355371
10.87,-74.16660838,408.9509817,1.3358726,0,0,1.725923621,2.127607546,2.144062823,-5.2731223,1.2283052,-3.00325816,0.3228125,-1.12490562,-0.1127246
10.93,-74.33444714,408.3187636,0.980241799,0,0,1.3358726,1.725923621,2.127607546,-3.17109692,-0.3094056,-1.29274438,-0.7449427,-0.16783876,-0.6322181
11,-73.58853616,407.3354737,0.77637025,0,0,0.980241799,1.3358726,1.725923621,-0.5468334,-1.7282326,0.57807222,-1.615508,0.74591098,-0.9832899
11.07,-72.24258915,406.2423419,0.671600165,0,0,0.77637025,0.980241799,1.3358726,1.92401923,-2.7086398,2.09185799,-2.0764217,1.34594701,-1.0931318
11.13,-70.78140957,405.2387597,0.826402971,0,0,0.671600165,0.77637025,0.980241799,3.55303757,-3.0800039,2.80712659,-2.096714,1.46117958,-1.0035822
11.2,-69.66017362,404.4026158,0.877762567,0,0,0.826402971,0.671600165,0.77637025,3.92836254,-2.9328579,2.58241553,-1.8397261,1.12123595,-0.8361439
11.26,-69.15394454,403.6793728,0.959410568,0,0,0.877762567,0.826402971,0.671600165,3.08864461,-2.5629691,1.62746503,-1.5593869,0.50622908,-0.723243
11.33,-69.36995496,402.9261929,1.06004204,0,0,0.959410568,0.877762567,0.826402971,1.41145461,-2.3125668,0.29021866,-1.4764229,-0.21601042,-0.7531799
11.4,-70.3102602,401.9774175,1.472814815,0,0,1.06004204,0.959410568,0.877762567,-0.65008658,-2.4251983,-1.15631566,-1.7019553,-0.94030524,-0.9487754
11.46,-71.82984786,400.7097759,1.182074877,0,0,1.472814815,1.06004204,0.959410568,-2.67590332,-2.9695969,-2.4598929,-2.216417,-1.51958766,-1.2676416
11.53,-73.56727325,399.1115942,1.227746125,0,0,1.182074877,1.472814815,1.06004204,-4.19731829,-3.8145987,-3.25701305,-2.8658233,-1.73742539,-1.5981817
11.6,-75.02262896,397.3385611,1.308780515,0,0,1.227746125,1.182074877,1.472814815,-4.71236876,-4.6388564,-3.1927811,-3.3712148,-1.45535571,-1.7730331
11.66,-75.77205746,395.6888765,1.62144162,0,0,1.308780515,1.227746125,1.182074877,-3.9422096,-5.0208994,-2.20478421,-3.4227177,-0.7494285,-1.6496846
11.73,-75.65007754,394.4599573,1.973071161,0,0,1.62144162,1.308780515,1.227746125,-2.08280429,-4.6516369,-0.62744858,-2.8786038,0.12197992,-1.2289192
11.79,-74.78425774,393.7740177,2.022211988,0,0,1.973071161,1.62144162,1.308780515,0.23837122,-3.5645434,0.98779972,-1.9148588,0.8658198,-0.6859396
11.86,-73.49924367,393.5358073,2.039754077,0,0,2.022211988,1.973071161,1.62144162,2.27281379,-2.1530692,2.15083387,-0.92415,1.28501407,-0.2382104
11.93,-72.16572931,393.5739982,1.90774341,0,0,2.039754077,2.022211988,1.973071161,3.48434823,-0.8859591,2.61852843,-0.2000195,1.33351436,0.0381909
11.99,-71.05487541,393.808624,2.06452751,0,0,1.90774341,2.039754077,2.022211988,3.72938233,0.0346063,2.44436826,0.2728167,1.1108539,0.2346258
12.06,-70.24271203,394.2543641,2.053894067,0,0,2.06452751,1.90774341,2.039754077,3.25653164,0.7185568,1.92301728,0.6803659,0.81216338,0.4457401
12.13,-69.61108638,394.8875251,1.771442096,0,0,2.053894067,2.06452751,1.90774341,2.55464293,1.3135269,1.44378903,1.0789011,0.63162565,0.633161
12.19,-68.96113788,395.5700711,1.709674077,0,0,1.771442096,2.053894067,2.06452751,2.09373753,1.7614471,1.28157415,1.315707,0.6499485,0.682546
12.26,-68.16709917,396.1137288,1.813810913,0,0,1.709674077,1.771442096,2.053894067,2.07561286,1.8593647,1.44398721,1.2262037,0.79403871,0.5436577
12.32,-67.24069085,396.3824612,1.743505114,0,0,1.813810913,1.709674077,1.771442096,2.37039553,1.4949361,1.72044703,0.8123901,0.92640832,0.2687324
12.39,-66.25090494,396.3188913,1.402555556,0,0,1.743505114,1.813810913,1.709674077,2.71023294,0.7488202,1.91619423,0.2051625,0.98978591,-0.0635699
12.46,-65.18020593,395.895361,1.603616776,0,0,1.402555556,1.743505114,1.813810913,2.98689324,-0.2183678,2.06048492,-0.4871002,1.07069901,-0.4235303
12.52,-63.84944074,395.0754548,1.818983073,0,0,1.603616776,1.402555556,1.743505114,3.39125011,-1.3070064,2.4014642,-1.2434365,1.33076519,-0.8199062
12.59,-61.996173,393.8521287,2.336118576,0,0,1.818983073,1.603616776,1.402555556,4.25473194,-2.4667626,3.18403293,-2.0432323,1.85326774,-1.2233261
12.66,-59.47795136,392.3301683,2.4492215,0,0,2.336118576,1.818983073,1.603616776,5.70225457,-3.5651927,4.37148938,-2.7452865,2.51822164,-1.5219604
12.72,-56.43284228,390.7483389,1.877346311,0,0,2.4492215,2.336118576,1.818983073,7.41659846,-4.3271159,5.56333072,-3.1037898,3.04510908,-1.5818294
12.79,-53.23404212,389.3799703,2.16530242,0,0,1.877346311,2.4492215,2.336118576,8.76213088,-4.4721584,6.24390924,-2.950198,3.19880016,-1.3683686
12.85,-50.28559219,388.3695407,2.047958993,0,0,2.16530242,1.877346311,2.4492215,9.19235917,-3.9606276,6.14725009,-2.3787982,2.94844993,-1.0104296
12.92,-47.8566103,387.6288618,1.74542548,0,0,2.047958993,2.16530242,1.877346311,8.57623198,-3.1194771,5.37743182,-1.7511085,2.42898189,-0.7406789
12.99,-46.04790862,386.8660407,1.494481372,0,0,1.74542548,2.047958993,2.16530242,7.1861335,-2.5139296,4.23768357,-1.5035,1.80870168,-0.7628211
13.05,-44.82245371,385.7194703,1.291867459,0,0,1.494481372,1.74542548,2.047958993,5.46313848,-2.6500704,3.03415659,-1.9093915,1.22545491,-1.1465704
13.12,-44.02986846,383.9205028,1.066929504,0,0,1.291867459,1.494481372,1.74542548,3.82674184,-3.708359,2.01804016,-2.9455379,0.79258525,-1.7989675
13.19,-43.43647301,381.4221039,0.963258163,0,0,1.066929504,1.291867459,1.494481372,2.61143561,-5.4439368,1.3859807,-4.2973664,0.59339545,-2.4983989
13.25,-42.78997854,378.4455019,0.918857871,0,0,0.963258163,1.066929504,1.291867459,2.03247517,-7.2739684,1.23988992,-5.4750009,0.64649447,-2.976602
13.32,-41.90332386,375.4049771,0.915734604,0,0,0.918857871,0.963258163,1.066929504,2.1265446,-8.5155257,1.53314915,-6.0171268,0.88665468,-3.0405248
13.38,-40.70572441,372.7247145,0.89624162,0,0,0.915734604,0.918857871,0.963258163,2.7307486,-8.6973894,2.08425413,-5.7207874,1.19759945,-2.6802626
13.45,-39.22825214,370.6468946,1.011724604,0,0,0.89624162,0.915734604,0.918857871,3.5617264,-7.7986073,2.67507172,-4.7580825,1.47747227,-2.0778199
13.52,-37.54242211,369.1505535,1.313209735,0,0,1.011724604,0.89624162,0.915734604,4.36090175,-6.2544236,3.1633023,-3.574161,1.68583003,-1.4963411
13.58,-35.70021369,368.0237581,1.566022492,0,0,1.313209735,1.011724604,0.89624162,5.00551072,-4.7009564,3.52803845,-2.6231365,1.84220842,-1.1267954
13.65,-33.72400921,367.0206252,1.675679342,0,0,1.566022492,1.313209735,1.011724604,5.50424293,-3.6262694,3.8184129,-2.1299283,1.97620448,-1.0031329
13.72,-31.65879745,365.9747127,1.289185185,0,0,1.675679342,1.566022492,1.313209735,5.88362466,-3.1758408,4.04141624,-2.0490454,2.06521176,-1.0459125
13.78,-29.63221487,364.7962655,1.826249988,0,0,1.289185185,1.675679342,1.566022492,6.06799882,-3.2274926,4.09179434,-2.2243597,2.02658258,-1.1784472
13.85,-27.84279123,363.4084226,1.768794858,0,0,1.826249988,1.289185185,1.675679342,5.88121798,-3.6122026,3.81600622,-2.5662901,1.78942364,-1.3878429
13.91,-26.46321923,361.7307515,1.718811615,0,0,1.768794858,1.826249988,1.289185185,5.19557822,-4.2439612,3.16899564,-3.065514,1.379572,-1.6776711
13.98,-25.53247423,359.7321328,1.759667603,0,0,1.718811615,1.768794858,1.826249988,4.09974064,-5.0641327,2.310317,-3.6762898,0.930745,-1.9986187
14.05,-24.91744772,357.4669382,1.777937234,0,0,1.759667603,1.718811615,1.768794858,2.92534351,-5.9414844,1.54577151,-4.2638133,0.61502651,-2.2651946
14.11,-24.37015054,355.0398041,1.593712808,0,0,1.777937234,1.759667603,1.718811615,2.09306869,-6.6909474,1.16232369,-4.6923287,0.54729718,-2.4271341
14.18,-23.65660613,352.562942,0.965558745,0,0,1.593712808,1.777937234,1.759667603,1.8758681,-7.1691908,1.26084159,-4.9039962,0.71354441,-2.4768621
14.25,-22.68708187,350.1655205,1.181043385,0,0,0.965558745,1.593712808,1.777937234,2.23036585,-7.3014177,1.68306867,-4.8742836,0.96952426,-2.3974215
14.31,-21.55612888,347.9952301,1.090527833,0,0,1.181043385,0.965558745,1.593712808,2.81402166,-7.044574,2.10047725,-4.5677119,1.13095299,-2.1702904
14.38,-20.46121938,346.1386368,1.034800433,0,0,1.090527833,1.181043385,0.965558745,3.19538675,-6.4243052,2.22586249,-4.0268837,1.0949095,-1.8565933
14.44,-19.57126903,344.5106262,1.410698767,0,0,1.034800433,1.090527833,1.181043385,3.11581284,-5.6548943,1.98485985,-3.4846039,0.88995035,-1.6280106
14.51,-18.9493261,342.8424408,1.740323793,0,0,1.410698767,1.034800433,1.090527833,2.60680278,-5.1527893,1.51189328,-3.296196,0.62194293,-1.6681854
14.58,-18.56135993,340.8283339,2.053696256,0,0,1.740323793,1.410698767,1.034800433,1.89985945,-5.3103029,1.0099091,-3.6822923,0.38796617,-2.0141069
14.64,-18.32069825,338.3279542,2.08728339,0,0,2.053696256,1.740323793,1.410698767,1.25057078,-6.182672,0.62862785,-4.5144866,0.24066168,-2.5003797
14.71,-18.1234595,335.4453836,1.408925926,0,0,2.08728339,2.053696256,1.740323793,0.8258666,-7.3970572,0.43790043,-5.3829503,0.19723875,-2.8825706
14.78,-17.88373908,332.4380697,1.784641108,0,0,1.408925926,2.08728339,2.053696256,0.67762085,-8.3902642,0.43695917,-5.8898845,0.23972042,-3.0073139
14.84,-17.58154774,329.5709602,1.748698898,0,0,1.784641108,1.408925926,2.08728339,0.73915051,-8.756994,0.54191176,-5.8744234,0.30219134,-2.8671095
14.91,-17.2973829,327.0102278,1.774089478,0,0,1.748698898,1.784641108,1.408925926,0.8260766,-8.4351558,0.58635618,-5.4278419,0.28416484,-2.5607324
14.97,-17.19704632,324.7671582,1.812939783,0,0,1.774089478,1.748698898,1.784641108,0.68669276,-7.6709115,0.38450142,-4.803802,0.10033658,-2.2430696
15.04,-17.46122024,322.7120019,1.627227459,0,0,1.812939783,1.774089478,1.748698898,0.1203275,-6.8589583,-0.16383734,-4.2982259,-0.26417392,-2.0551563
15.11,-18.18681096,320.6681819,0.950453496,0,0,1.627227459,1.812939783,1.774089478,-0.88942806,-6.3420459,-0.98976464,-4.0989763,-0.72559072,-2.04382
15.17,-19.30726191,318.5118674,0.927814815,0,0,0.950453496,1.627227459,1.812939783,-2.11021559,-6.2552908,-1.84604167,-4.2001345,-1.12045095,-2.1563145
15.24,-20.58555824,316.195853,1.002008369,0,0,0.927814815,0.950453496,1.627227459,-3.124338,-6.5161489,-2.39874728,-4.4723289,-1.27829633,-2.3160144
15.31,-21.70013768,313.7136896,0.995555556,0,0,1.002008369,0.927814815,0.950453496,-3.51332672,-6.9544923,-2.39287577,-4.7981778,-1.11457944,-2.4821634
15.37,-22.37583488,311.0680369,0.945103149,0,0,0.995555556,1.002008369,0.927814815,-3.06857297,-7.4438305,-1.79027664,-5.1278161,-0.6756972,-2.6456527
15.44,-22.48204503,308.2692551,1.221348164,0,0,0.945103149,0.995555556,1.002008369,-1.89648679,-7.9265979,-0.78190735,-5.4444345,-0.10621015,-2.7987818
15.51,-22.05958808,305.349218,1.487718559,0,0,1.221348164,0.945103149,0.995555556,-0.3594504,-8.3644716,0.3162468,-5.7188189,0.42245695,-2.9200371
15.57,-21.28251465,302.3683673,1.648836896,0,0,1.487718559,1.221348164,0.945103149,1.09332023,-8.6996696,1.19953038,-5.9008878,0.77707343,-2.9808507
15.64,-20.37758855,299.4024507,1.571770396,0,0,1.648836896,1.487718559,1.221348164,2.10445648,-8.8668044,1.68199953,-5.9467673,0.9049261,-2.9659166
15.7,-19.54073534,296.5076014,1.623068871,0,0,1.571770396,1.648836896,1.487718559,2.51885274,-8.8416166,1.74177931,-5.8607659,0.83685321,-2.8948493
15.77,-18.89539915,293.685484,1.559258362,0,0,1.623068871,1.571770396,1.648836896,2.3871155,-8.6828833,1.4821894,-5.7169667,0.64533619,-2.8221174
15.84,-18.50339779,290.889101,1.460170674,0,0,1.559258362,1.623068871,1.571770396,1.87419076,-8.5133497,1.03733755,-5.6185004,0.39200136,-2.796383
15.9,-18.39234195,288.0844317,1.246470251,0,0,1.460170674,1.559258362,1.623068871,1.14839339,-8.4231697,0.5030572,-5.6010523,0.11105584,-2.8046693
15.97,-18.55484577,285.3229824,1.063148446,0,0,1.246470251,1.460170674,1.559258362,0.34055338,-8.3625016,-0.05144798,-5.5661186,-0.16250382,-2.7614493
16.04,-18.91272895,282.7572374,1.013352646,0,0,1.063148446,1.246470251,1.460170674,-0.40933116,-8.1318636,-0.520387,-5.3271943,-0.35788318,-2.565745
16.1,-19.28639188,280.5768137,1.038890341,0,0,1.013352646,1.063148446,1.246470251,-0.89404993,-7.507618,-0.73154611,-4.7461687,-0.37366293,-2.1804237
16.17,-19.4168164,278.9063424,0.850259259,0,0,1.038890341,1.013352646,1.063148446,-0.86197063,-6.41664,-0.50408745,-3.850895,-0.13042452,-1.6704713
16.23,-19.04319333,277.7282986,0.778573525,0,0,0.850259259,1.038890341,1.013352646,-0.13046438,-5.0289388,0.24319855,-2.8485151,0.37362307,-1.1780438
16.3,-17.99071926,276.8737918,0.781945859,0,0,0.778573525,0.850259259,1.038890341,1.29567262,-3.7030219,1.42609714,-2.0325506,1.05247407,-0.8545068
16.37,-16.22483513,276.0897254,1.32417835,0,0,0.781945859,0.778573525,0.850259259,3.19198127,-2.816617,2.8183582,-1.6385732,1.76588413,-0.7840664
16.43,-13.86407068,275.1449853,1.942925906,0,0,1.32417835,0.781945859,0.778573525,5.17912265,-2.5833133,4.12664858,-1.7288065,2.36076445,-0.9447401
16.5,-11.15872446,273.9043122,2.166012266,0,0,1.942925906,1.32417835,0.781945859,6.8319948,-2.9694796,5.06611067,-2.1854132,2.70534622,-1.2406731
16.57,-8.434692532,272.3387702,2.141145894,0,0,2.166012266,1.942925906,1.32417835,7.790142598,-3.7509552,5.429378148,-2.8062151,2.724031928,-1.565542
16.63,-6.01452275,270.5118896,2.096309606,0,0,2.141145894,2.166012266,1.942925906,7.84954793,-4.6330957,5.14420171,-3.3924226,2.420169782,-1.8268806
16.7,-4.152866335,268.5674486,1.975156778,0,0,2.096309606,2.141145894,2.166012266,7.005858125,-5.3368636,4.281826197,-3.7713216,1.861656415,-1.944441
16.76,-3.004433307,266.6938123,1.970187971,0,0,1.975156778,2.096309606,2.141145894,5.430259225,-5.6449579,3.010089443,-3.8180773,1.148433028,-1.8736363
16.83,-2.597294877,265.0572326,1.870747758,0,0,1.970187971,1.975156778,2.096309606,3.417227873,-5.454657,1.555571458,-3.510216,0.40713843,-1.6365797
16.9,-2.791458331,263.7427475,1.83819693,0,0,1.870747758,1.970187971,1.975156778,1.361408004,-4.8247011,0.212974976,-2.9510648,-0.194163454,-1.3144851
16.96,-3.262003414,262.7384417,1.641195328,0,0,1.83819693,1.870747758,1.970187971,-0.257570107,-3.9553706,-0.664708537,-2.3187909,-0.470545083,-1.0043058
17.03,-3.57042037,261.9632493,1.409738408,0,0,1.641195328,1.83819693,1.870747758,-0.973125493,-3.0939833,-0.778962039,-1.7794982,-0.308416956,-0.7751924
17.1,-3.321424014,261.3131269,1.193128088,0,0,1.409738408,1.641195328,1.83819693,-0.529965683,-2.4296206,-0.0594206,-1.4253148,0.248996356,-0.6501224
17.16,-2.3097599,260.6942476,1.187253936,0,0,1.193128088,1.409738408,1.641195328,0.952243514,-2.0441941,1.26066047,-1.2690017,1.011664114,-0.6188793
17.23,-0.562200144,260.0264765,0.912179527,0,0,1.187253936,1.193128088,1.409738408,3.008220226,-1.9367728,2.75922387,-1.2866504,1.747559756,-0.6677711
17.29,1.72678376,259.2311834,0.784460562,0,0,0.912179527,1.187253936,1.193128088,5.048207774,-2.0819435,4.03654366,-1.4630642,2.288983904,-0.7952931
17.36,4.298796614,258.2333135,1.147971656,0,0,0.784460562,0.912179527,1.187253936,6.608556514,-2.4609341,4.860996758,-1.793163,2.572012854,-0.9978699
17.43,6.914373387,256.985389,1.787465292,0,0,1.147971656,0.784460562,0.912179527,7.476573531,-3.0410875,5.187589627,-2.2457944,2.615576773,-1.2479245
17.49,9.392629738,255.4884515,1.974788264,0,0,1.787465292,1.147971656,0.784460562,7.665845978,-3.7427319,5.093833124,-2.744862,2.478256351,-1.4969375
17.56,11.61547297,253.7876899,1.972063038,0,0,1.974788264,1.787465292,1.147971656,7.316676356,-4.4456236,4.701099583,-3.1976991,2.222843232,-1.7007616
